{"gender": {"values": {"Man": 20.5464, "Kvinna": 20.403599999999997, "Annat": 1.05}, "weight": 1}, "age_group": {"values": {"16-19 \u00e5r": 2.4744081172491543, "20-29 \u00e5r": 6.641713641488162, "30-39 \u00e5r": 7.301014656144306, "40-49 \u00e5r": 6.294926719278466, "50-64 \u00e5r": 9.201803833145433, "65- \u00e5r": 10.086133032694475}, "weight": 1}, "education": {"values": {"H\u00f6gskola mer \u00e4n 3 \u00e5r": 8.6688, "H\u00f6gskola": 6.4764, "Gymnasium": 18.9504, "Grundskola": 7.904400000000001}, "weight": 1}, "geography": {"values": {"VDFS": 13.944887675834558, "GNS": 13.084768003359228, "BCT": 14.970344320806214}, "weight": 1}, "occupation": {"values": {"G\u00e5r i skola / trainee / arbetstr\u00e4ning": 5.388599999999999, "Arbete i kommun / region / stat": 7.257599999999999, "Arbete i f\u00f6retag / n\u00e4ringsliv": 16.38, "Annat arbete / ideell organisation": 0.5627999999999999, "Pension\u00e4r": 9.781799999999999, "Arbestsl\u00f6s / Annat": 2.6292}, "weight": 1}, "climate_worry": {"values": {"Mycket orolig.": 21.0, "Ganska orolig.": 14.7, "Inte s\u00e4rskilt orolig.": 5.46, "Inte alls orolig.": 0.84}, "weight": 1}}
